{"skeleton":{"hash":"05X5Q2pBmSg1g07OLXvbrKj85n4","spine":"3.8.99","x":-197.91,"y":-52.71,"width":349.45,"height":887.55,"images":"","audio":""},"bones":[{"name":"root"},{"name":"bone","parent":"root","x":-40.94,"y":455.47},{"name":"bone2","parent":"bone","length":174.1,"rotation":-71.85,"x":17.63,"y":-17.63},{"name":"bone3","parent":"bone2","length":189.16,"rotation":-2.77,"x":174.1},{"name":"bone4","parent":"bone3","length":57.25,"rotation":3.27,"x":237.81,"y":5.6},{"name":"bone5","parent":"bone","length":178.94,"rotation":-85.22,"x":-54.24,"y":-18.31},{"name":"bone6","parent":"bone5","length":172.75,"rotation":-0.28,"x":178.94},{"name":"bone7","parent":"bone6","length":61.73,"rotation":-2.61,"x":220.59,"y":3.03},{"name":"bone8","parent":"bone","length":54.77,"rotation":74.93,"x":5.42,"y":20.34},{"name":"bone9","parent":"bone8","length":67.02,"rotation":3.99,"x":54.77},{"name":"bone10","parent":"bone9","length":72.01,"rotation":2.42,"x":67.02},{"name":"bone11","parent":"bone10","length":80.05,"rotation":6.72,"x":72.01},{"name":"bone12","parent":"bone10","length":76.86,"rotation":-137.83,"x":69.59,"y":-58.45},{"name":"bone13","parent":"bone12","length":58.71,"rotation":-150.84,"x":81.78,"y":-5.38},{"name":"bone14","parent":"bone13","length":26.14,"rotation":113.46,"x":21.3,"y":32.91},{"name":"bone15","parent":"bone14","length":29.67,"rotation":0.46,"x":33.6,"y":0.95},{"name":"bone16","parent":"bone15","length":31.41,"rotation":1,"x":33.69,"y":-0.65},{"name":"bone17","parent":"bone16","length":22.14,"rotation":-1.01,"x":31.41},{"name":"bone18","parent":"bone10","length":105.61,"rotation":163.92,"x":64.89,"y":63.34},{"name":"bone19","parent":"bone18","length":77.65,"rotation":130.6,"x":105.61},{"name":"bone20","parent":"bone19","length":26.09,"rotation":-107.8,"x":67.53,"y":-11.37},{"name":"bone21","parent":"bone20","length":25.23,"rotation":4.95,"x":32.75,"y":-0.66},{"name":"bone22","parent":"bone21","length":20.91,"rotation":10.44,"x":29.6,"y":-1.12},{"name":"bone23","parent":"bone22","length":21.15,"rotation":12.58,"x":31.7,"y":3.33},{"name":"bone24","parent":"bone11","length":21.66,"rotation":-178.06,"x":78.01,"y":-51.27},{"name":"bone25","parent":"bone24","length":18.65,"rotation":-5.44,"x":21.66},{"name":"bone26","parent":"bone25","length":22.12,"rotation":3.15,"x":18.65},{"name":"bone27","parent":"bone11","length":22.7,"rotation":-171.35,"x":73.81,"y":59.59},{"name":"bone28","parent":"bone27","length":23.87,"rotation":-5.65,"x":22.7},{"name":"bone29","parent":"bone28","length":19.91,"rotation":1.48,"x":23.87},{"name":"bone30","parent":"bone8","x":1.39,"y":65.08},{"name":"bone31","parent":"bone8","x":3.23,"y":-39.59},{"name":"bone32","parent":"bone30","length":16.65,"rotation":178.1,"x":-9.59,"y":10.78},{"name":"bone33","parent":"bone32","length":25.63,"rotation":-6.63,"x":16.65},{"name":"bone34","parent":"bone33","length":38.88,"rotation":-3.68,"x":25.63},{"name":"bone35","parent":"bone27","length":18.11,"rotation":-28.01,"x":-19.7,"y":-24.31},{"name":"bone36","parent":"bone35","length":16.88,"rotation":22.27,"x":18.11},{"name":"bone37","parent":"bone36","length":15.71,"rotation":-11.46,"x":16.88},{"name":"bone38","parent":"bone24","length":17.4,"rotation":27.41,"x":-27.73,"y":10.03},{"name":"bone39","parent":"bone38","length":17.76,"rotation":-12.48,"x":17.4},{"name":"bone40","parent":"bone39","length":20.02,"rotation":-14.93,"x":17.76},{"name":"bone41","parent":"bone11","length":15.58,"rotation":166.16,"x":103.67,"y":27.93},{"name":"bone42","parent":"bone41","length":15.12,"rotation":8.35,"x":15.58},{"name":"bone43","parent":"bone11","length":11.81,"rotation":175.6,"x":114.99,"y":-17.36},{"name":"bone44","parent":"bone43","length":15.49,"rotation":-2.13,"x":12.13,"y":0.04},{"name":"bone45","parent":"bone34","length":12.55,"rotation":-17.72,"x":35.41,"y":24.92},{"name":"bone46","parent":"bone45","length":16.34,"rotation":26.92,"x":12.55},{"name":"bone47","parent":"bone46","length":14.38,"rotation":4.05,"x":16.34},{"name":"bone48","parent":"bone47","length":17.66,"rotation":-7,"x":14.38}],"slots":[{"name":"cut-girl_0025_Layer-40","bone":"root","attachment":"cut-girl_0025_Layer-40"},{"name":"cut-girl_0024_z","bone":"root","attachment":"cut-girl_0024_z"},{"name":"cut-girl_0023_y","bone":"root","attachment":"cut-girl_0023_y"},{"name":"cut-girl_0022_x","bone":"root","attachment":"cut-girl_0022_x"},{"name":"cut-girl_0021_v","bone":"root","attachment":"cut-girl_0021_v"},{"name":"cut-girl_0020_u","bone":"root","attachment":"cut-girl_0020_u"},{"name":"cut-girl_0019_t","bone":"root","attachment":"cut-girl_0019_t"},{"name":"cut-girl_0018_s","bone":"root","attachment":"cut-girl_0018_s"},{"name":"cut-girl_0017_r","bone":"root","attachment":"cut-girl_0017_r"},{"name":"cut-girl_0016_q","bone":"root","attachment":"cut-girl_0016_q"},{"name":"cut-girl_0015_p","bone":"root","attachment":"cut-girl_0015_p"},{"name":"cut-girl_0014_o","bone":"root","attachment":"cut-girl_0014_o"},{"name":"cut-girl_0013_n","bone":"root","attachment":"cut-girl_0013_n"},{"name":"cut-girl_0012_m","bone":"root","attachment":"cut-girl_0012_m"},{"name":"cut-girl_0011_l","bone":"root","attachment":"cut-girl_0011_l"},{"name":"cut-girl_0010_k","bone":"root","attachment":"cut-girl_0010_k"},{"name":"cut-girl_0009_j","bone":"root","attachment":"cut-girl_0009_j"},{"name":"cut-girl_0008_i","bone":"root","attachment":"cut-girl_0008_i"},{"name":"cut-girl_0007_h","bone":"root","attachment":"cut-girl_0007_h"},{"name":"cut-girl_0006_g","bone":"root","attachment":"cut-girl_0006_g"},{"name":"cut-girl_0005_f","bone":"root","attachment":"cut-girl_0005_f"},{"name":"cut-girl_0004_e","bone":"root","attachment":"cut-girl_0004_e"},{"name":"cut-girl_0003_d","bone":"root","attachment":"cut-girl_0003_d"},{"name":"cut-girl_0002_c","bone":"root","attachment":"cut-girl_0002_c"},{"name":"cut-girl_0001_b","bone":"root","attachment":"cut-girl_0001_b"},{"name":"cut-girl_0000_a","bone":"root","attachment":"cut-girl_0000_a"}],"skins":[{"name":"default","attachments":{"cut-girl_0001_b":{"cut-girl_0001_b":{"type":"mesh","uvs":[1,0.21869,0.91121,0.12617,0.79614,0,0.50403,0,0.27831,0.07221,0.07029,0.21484,0,0.3883,0,0.73138,0.09684,0.85859,0.24732,1,0.54829,1,0.68106,1,0.92006,0.85859,1,0.71211,0.61025,0.34204,0.39781,0.64657],"triangles":[14,3,2,14,2,1,4,3,14,14,5,4,14,6,5,15,6,14,14,1,0,13,14,0,15,14,13,7,6,15,8,7,15,12,15,13,9,8,15,10,9,15,15,11,10,12,11,15],"vertices":[1,11,148.51,49.67,1,1,11,154.08,54.66,1,1,11,161.69,61.13,1,1,11,161.16,76.9,1,1,11,156.27,88.93,1,1,11,147.05,99.86,1,1,11,136.17,103.29,1,1,11,114.91,102.57,1,1,11,107.21,97.07,1,1,11,98.72,88.65,1,1,11,99.27,72.41,1,1,11,99.52,65.24,1,1,11,108.71,52.64,1,1,11,117.94,48.64,1,1,11,140.16,70.45,1,1,11,120.9,81.27,1],"hull":14,"edges":[0,2,2,4,4,6,6,8,8,10,10,12,12,14,14,16,16,18,18,20,20,22,22,24,24,26,0,26],"width":54,"height":62}},"cut-girl_0002_c":{"cut-girl_0002_c":{"type":"mesh","uvs":[1,0.1528,0.73811,0.35023,0.55886,0.53728,0.52899,0.68795,0.76799,0.82304,1,1,0.28999,1,0,0.89058,0,0.63599,0,0.37621,0.30492,0.1528,0.49911,0.04369,0.73811,0,1,0],"triangles":[12,13,0,0,11,12,0,10,11,1,10,0,9,10,1,2,9,1,8,9,2,3,8,2,7,8,3,7,3,4,6,7,4,6,4,5],"vertices":[1,11,96.52,69.8,1,1,11,87.3,73.68,1,1,11,78.6,76.25,1,1,11,71.66,76.5,1,1,11,65.58,72.46,1,1,11,57.57,68.48,1,1,11,57.19,79.83,1,1,11,62.06,84.64,1,1,11,73.76,85.04,1,1,11,85.71,85.44,1,1,11,96.14,80.91,1,1,11,101.26,77.98,1,1,11,103.4,74.22,1,1,11,103.54,70.04,1],"hull":14,"edges":[0,2,2,4,4,6,6,8,8,10,10,12,12,14,14,16,16,18,18,20,20,22,22,24,24,26,0,26],"width":16,"height":46}},"cut-girl_0003_d":{"cut-girl_0003_d":{"type":"mesh","uvs":[0.42179,1,0.65396,0.88744,0.67445,0.69427,0.57202,0.53057,0.61299,0.35378,0.79054,0.17698,1,0.08859,1,0,0.66079,0,0.40131,0.10168,0.19645,0.25229,0.08036,0.44217,0.08036,0.60915,0.12816,0.74665,0,0.87107,0,1],"triangles":[13,12,2,1,13,2,0,14,13,0,15,14,13,1,0,3,11,4,12,11,3,12,3,2,8,7,6,5,8,6,9,8,5,4,9,5,10,9,4,11,10,4],"vertices":[1,37,25.49,6.42,1,1,37,15.93,12.91,1,2,36,20.96,10.45,0.20958,37,1.93,11.05,0.79042,3,35,23.72,9.93,0.0371,36,8.95,7.07,0.95125,37,-9.17,5.35,0.01165,2,35,11.17,6.58,0.91939,36,-3.92,8.72,0.08061,1,35,-3.11,7.68,1,1,35,-11.78,12.17,1,1,35,-17.81,9.82,1,1,35,-13.49,-1.24,1,1,35,-3.28,-7.01,1,2,35,9.57,-9.69,0.99869,36,-11.58,-5.73,0.00131,2,35,23.96,-8.44,0.21084,36,2.21,-10.03,0.78916,2,36,14.4,-10.24,0.70197,37,-0.39,-10.53,0.29803,2,36,24.46,-8.73,0.04306,37,9.17,-7.05,0.95694,1,37,18.92,-9.81,1,1,37,28.17,-8.1,1],"hull":16,"edges":[0,2,2,4,4,6,6,8,8,10,10,12,12,14,14,16,16,18,18,20,20,22,22,24,24,26,26,28,28,30,0,30],"width":35,"height":73}},"cut-girl_0004_e":{"cut-girl_0004_e":{"type":"mesh","uvs":[0.39574,1,0.48741,0.98243,0.49396,0.92811,0.47104,0.85207,0.41865,0.77331,0.5005,0.6959,0.5005,0.59134,0.45139,0.52209,0.37609,0.47456,0.36627,0.39987,0.42193,0.29531,0.52342,0.2342,0.69367,0.17717,0.841,0.14186,1,0.12828,1,0.03186,0.88683,0,0.53652,0,0.40883,0.03458,0.25168,0.1147,0.13054,0.18667,0.04542,0.25593,0,0.30753,0,0.45419,0,0.57369,0,0.64838,0.07161,0.73936,0.1109,0.77874,0.04542,0.84256,0.01923,0.89281,0,1,0.22876,0.93626,0.2615,0.77874,0.24841,0.61986,0.18948,0.41302,0.23204,0.32068,0.38264,0.18353,0.6773,0.07082],"triangles":[26,25,33,33,6,5,25,24,33,33,7,6,33,8,7,33,24,8,8,23,34,8,24,23,34,9,8,23,22,34,34,35,9,34,22,35,9,35,10,22,21,35,21,20,35,35,36,10,35,20,36,10,36,11,12,36,37,12,11,36,20,19,36,36,18,37,18,17,37,36,19,18,12,37,13,14,13,15,16,15,13,13,37,16,37,17,16,32,5,4,32,27,26,33,5,32,33,32,26,30,31,0,1,0,2,30,29,31,2,0,31,2,31,3,31,32,3,32,4,3,29,28,31,31,28,32,28,27,32],"vertices":[1,29,39.82,7.33,1,1,29,37.03,14.16,1,1,29,27.5,15.06,1,2,29,14.05,13.98,0.9977,28,37.56,14.34,0.0023,2,29,0.03,10.78,0.44175,28,23.63,10.77,0.55825,3,29,-13.31,17.35,3.6E-4,28,10.12,17,0.91141,27,34.44,15.92,0.08822,2,28,-8.28,17.34,0.19241,27,16.16,18.07,0.80759,2,28,-20.54,13.98,0.00449,27,3.64,15.94,0.99551,1,27,-5.31,11.45,1,1,27,-18.45,12.28,1,1,27,-36.25,18.46,1,1,27,-46.07,27.08,1,1,27,-54.59,40.59,1,1,27,-59.5,52,1,1,27,-60.52,63.81,1,1,27,-77.37,65.79,1,1,27,-83.91,58.24,1,1,27,-86.89,32.84,1,1,27,-81.94,22.88,1,1,27,-69.28,9.83,1,1,27,-57.73,-0.43,1,1,27,-46.35,-8.02,1,1,27,-37.72,-12.38,1,1,27,-12.08,-15.39,1,2,28,-12.07,-19.13,0.10669,27,8.81,-17.85,0.89331,2,28,1.08,-19.37,0.53514,27,21.86,-19.39,0.46486,3,29,-7.06,-14.27,0.08653,28,17.18,-14.44,0.89255,27,38.38,-16.07,0.02091,2,29,-0.01,-11.71,0.51325,28,24.17,-11.71,0.48675,2,29,11,-16.98,0.98313,28,35.31,-16.69,0.01687,1,29,19.75,-19.29,1,1,29,38.54,-21.53,1,1,29,28.07,-4.34,1,2,29,0.48,-0.73,0.6288,28,24.37,-0.71,0.3712,1,27,19,-0.79,1,1,27,-17.66,-0.81,1,1,27,-33.44,4.17,1,1,27,-56.13,17.91,1,1,27,-73.32,41.59,1],"hull":31,"edges":[0,2,2,4,4,6,6,8,8,10,10,12,12,14,14,16,16,18,18,20,20,22,22,24,24,26,26,28,28,30,30,32,32,34,34,36,36,38,38,40,40,42,42,44,44,46,46,48,48,50,50,52,52,54,54,56,56,58,58,60,0,60],"width":73,"height":176}},"cut-girl_0005_f":{"cut-girl_0005_f":{"type":"mesh","uvs":[0.81042,1,1,0.96901,1,0.8821,0.94078,0.75608,0.84663,0.667,0.94078,0.58444,1,0.52795,1,0.31067,0.94078,0.14337,0.85387,0.03039,0.73075,0,0.23102,0,0.10066,0.05429,0,0.13468,0,0.29981,0.06445,0.45842,0.22378,0.59096,0.23826,0.667,0.12239,0.73436,0,0.81475,0,0.91686,0,0.98856,0.48451,0.91469,0.52796,0.70611,0.57142,0.43452,0.54245,0.19117],"triangles":[16,15,24,5,24,6,24,7,6,15,14,24,14,25,24,24,25,7,25,8,7,14,13,25,13,12,25,12,11,25,25,9,8,25,10,9,25,11,10,4,23,16,5,4,16,16,24,5,21,22,0,1,0,2,21,20,22,0,22,2,20,19,22,19,18,22,22,18,23,22,3,2,22,23,3,23,18,17,23,4,3,16,23,17],"vertices":[1,26,34.54,10.51,1,1,26,30.88,16.62,1,1,26,21.33,16.24,1,2,26,7.55,13.73,0.91672,25,25.44,14.13,0.08328,3,26,-2.11,10.24,0.33282,25,15.98,10.1,0.66649,24,38.52,8.54,6.9E-4,3,26,-11.31,12.98,0.007,25,6.64,12.34,0.85412,24,29.44,11.65,0.13888,2,25,0.27,13.69,0.54414,24,23.22,13.61,0.45586,1,24,-0.68,13.61,1,1,24,-19.08,11.65,1,1,24,-31.51,8.78,1,1,24,-34.85,4.72,1,1,24,-34.85,-11.77,1,1,24,-28.88,-16.07,1,1,24,-20.03,-19.39,1,2,25,-21.58,-21.54,5.8E-4,24,-1.87,-19.39,0.99942,2,25,-4.42,-17.77,0.19539,24,15.58,-17.27,0.80461,3,26,-9.65,-10.64,0.02191,25,9.6,-11.15,0.89336,24,30.16,-12.01,0.08473,3,26,-1.31,-9.82,0.48206,25,17.88,-9.88,0.5179,24,38.52,-11.53,4.0E-5,2,26,6.25,-13.35,0.95079,25,25.62,-12.99,0.04921,1,26,15.24,-17.03,1,1,26,26.47,-16.58,1,1,26,34.35,-16.27,1,1,26,25.59,-0.62,1,2,26,2.61,-0.1,0.99917,25,21.26,0.04,8.3E-4,2,25,-8.62,-1.36,5.1E-4,24,12.95,-0.54,0.99949,1,24,-13.82,-1.49,1],"hull":22,"edges":[0,2,2,4,4,6,6,8,8,10,10,12,12,14,14,16,16,18,18,20,20,22,22,24,24,26,26,28,28,30,30,32,32,34,34,36,36,38,38,40,40,42,0,42],"width":33,"height":110}},"cut-girl_0006_g":{"cut-girl_0006_g":{"type":"mesh","uvs":[0.73667,1,0.68635,0.89105,0.71465,0.73376,0.69579,0.57238,0.59201,0.40079,0.43477,0.30478,0.23351,0.23124,0,0.22307,0,0.07191,0.07627,0.02901,0.11086,0,0.2681,0,0.4788,0.04127,0.60773,0.13524,0.77126,0.2435,0.8939,0.37015,0.97881,0.50497,1,0.62958,1,0.77461,1,0.90739,1,1,0.87189,0.89105,0.85617,0.69086,0.74925,0.36606,0.49452,0.21286,0.2964,0.12094],"triangles":[25,11,12,24,12,13,25,12,24,25,7,8,9,11,25,11,9,10,6,25,24,9,25,8,6,7,25,24,13,14,5,6,24,14,4,24,4,5,24,23,14,15,14,23,4,3,4,23,16,3,23,16,23,15,3,16,17,22,3,17,2,3,22,22,17,18,21,22,18,2,22,21,1,2,21,21,18,19,0,1,21,21,19,20,0,21,20],"vertices":[1,11,53.61,-45.36,1,1,11,66.22,-41.1,1,1,11,84.68,-42.63,1,1,11,103.5,-40.56,1,1,11,123.3,-32,1,1,11,134.12,-19.67,1,1,11,142.2,-4.09,1,1,11,142.56,13.68,1,1,11,160.23,14.28,1,1,11,165.45,8.65,1,1,11,168.93,6.14,1,1,11,169.33,-5.8,1,1,11,165.05,-21.97,1,1,11,154.39,-32.14,1,1,11,142.16,-44.99,1,1,11,127.66,-54.8,1,1,11,112.12,-61.79,1,1,11,97.6,-63.89,1,1,11,80.64,-64.47,1,1,11,65.11,-64.99,1,1,11,54.28,-65.36,1,1,11,66.7,-55.2,1,1,11,90.06,-53.21,1,1,11,127.77,-43.8,1,1,11,145.03,-23.85,1,1,11,155.26,-8.43,1],"hull":21,"edges":[0,2,2,4,4,6,6,8,8,10,10,12,12,14,14,16,16,18,18,20,20,22,22,24,24,26,26,28,28,30,30,32,32,34,34,36,36,38,38,40,0,40],"width":76,"height":117}},"cut-girl_0007_h":{"cut-girl_0007_h":{"type":"mesh","uvs":[0.36519,0,0.58826,0.07984,0.87506,0.28421,1,0.42276,1,0.6479,1,0.90076,0.82726,1,0.53249,1,0.53249,0.73103,0.42892,0.4851,0.27756,0.26689,0,0.10063,0,1.8E-4],"triangles":[11,12,0,1,10,11,1,11,0,10,1,2,9,10,2,9,2,3,9,3,4,8,9,4,8,4,5,7,8,5,6,7,5],"vertices":[1,38,-10.33,5.32,1,1,38,-2.36,8.72,1,2,39,-5.33,8.93,0.14471,38,14.12,9.87,0.85529,2,39,4.87,10.09,0.87478,38,24.33,8.8,0.12522,2,40,0.48,6.43,0.59645,39,19.88,6.09,0.40355,1,40,17.93,6.43,1,1,40,24.78,1.24,1,1,40,24.78,-7.6,1,2,40,6.22,-7.6,0.9057,39,21.81,-8.94,0.0943,2,39,4.61,-7.57,0.86414,38,20.26,-8.39,0.13586,1,38,4.81,-5.49,1,1,38,-9.21,-7.6,1,1,38,-15.36,-4.41,1],"hull":13,"edges":[0,2,2,4,4,6,6,8,8,10,10,12,12,14,14,16,16,18,18,20,20,22,22,24,0,24],"width":30,"height":69}},"cut-girl_0008_i":{"cut-girl_0008_i":{"type":"mesh","uvs":[0.78184,1,0.899,0.90641,1,0.76921,1,0.36645,0.90837,0.16728,0.66468,0.06549,0.54284,0,0.1117,0,0,0.14515,0,0.43726,0.05547,0.70282,0.25229,0.90199,0.43506,1,0.68811,0.65414,0.46317,0.38858],"triangles":[14,7,6,14,6,5,8,7,14,9,8,14,4,14,5,3,14,4,3,13,14,10,9,14,11,10,14,13,3,2,13,11,14,1,13,2,12,11,13,0,12,13,1,0,13],"vertices":[1,11,117.35,-62.09,1,1,11,122.61,-67.89,1,1,11,130.18,-72.79,1,1,11,151.92,-72.05,1,1,11,162.51,-67.02,1,1,11,167.58,-54.41,1,1,11,170.91,-48.08,1,1,11,170.16,-26.1,1,1,11,162.14,-20.67,1,1,11,146.37,-21.21,1,1,11,132.14,-24.52,1,1,11,121.73,-34.92,1,1,11,116.75,-44.41,1,1,11,135.86,-56.68,1,1,11,149.8,-44.73,1],"hull":13,"edges":[0,2,2,4,4,6,6,8,8,10,10,12,12,14,14,16,16,18,18,20,20,22,22,24,0,24],"width":51,"height":54}},"cut-girl_0009_j":{"cut-girl_0009_j":{"type":"mesh","uvs":[1,1,0,1,0,0,1,0],"triangles":[1,2,3,1,3,0],"vertices":[1,11,73.85,14.04,1,1,11,73.04,38.02,1,1,11,82.03,38.33,1,1,11,82.85,14.34,1],"hull":4,"edges":[0,2,2,4,4,6,0,6],"width":24,"height":9}},"cut-girl_0010_k":{"cut-girl_0010_k":{"type":"mesh","uvs":[1,1,0,1,0,0,1,0],"triangles":[1,2,3,1,3,0],"vertices":[1,11,87.07,-36.38,1,1,11,86.25,-12.4,1,1,11,95.25,-12.09,1,1,11,96.06,-36.08,1],"hull":4,"edges":[0,2,2,4,4,6,0,6],"width":24,"height":9}},"cut-girl_0011_l":{"cut-girl_0011_l":{"type":"mesh","uvs":[0.93141,1,0.77249,0.74472,0.60384,0.56872,0.39303,0.50472,0.25033,0.72872,0.12384,1,0,1,0,0.68072,0.08817,0.50472,0.04276,0.30472,0.11087,0.12872,0.2406,0.08872,0.286,0,0.52276,0,0.68168,0,0.81789,0.17672,1,0.50472,1,1],"triangles":[8,9,10,3,12,13,11,12,3,2,13,14,2,14,15,3,13,2,4,11,3,8,10,11,4,8,11,1,2,15,1,15,16,7,5,6,8,5,7,8,4,5,0,1,16,0,16,17],"vertices":[1,11,56.62,10.3,1,1,11,60.25,16.31,1,1,11,62.67,22.63,1,1,11,63.37,30.46,1,1,11,59.83,35.63,1,1,11,55.61,40.17,1,1,11,55.45,44.74,1,1,11,60.24,44.91,1,1,11,62.99,41.74,1,1,11,65.93,43.52,1,1,11,68.65,41.09,1,1,11,69.42,36.31,1,1,11,70.8,34.68,1,1,11,71.1,25.92,1,1,11,71.3,20.05,1,1,11,68.82,14.92,1,1,11,64.13,8.02,1,1,11,56.71,7.77,1],"hull":18,"edges":[0,2,2,4,4,6,6,8,8,10,10,12,12,14,14,16,16,18,18,20,20,22,22,24,24,26,26,28,28,30,30,32,32,34,0,34],"width":37,"height":15}},"cut-girl_0012_m":{"cut-girl_0012_m":{"type":"mesh","uvs":[0.09546,1,0.21921,0.73769,0.41046,0.55416,0.57546,0.4271,0.81546,0.5118,1,0.65298,1,0.33533,0.93546,0.26475,0.92421,0,0.72546,0,0.47046,0,0.30546,0,0.13296,0.32122,0.02421,0.51886,0,0.67415,0,0.9918,0.30546,0.307,0.57171,0.187,0.79671,0.27877],"triangles":[17,10,9,18,9,8,18,8,7,17,9,18,16,11,10,12,11,16,3,17,18,4,18,7,3,18,4,17,2,16,17,16,10,2,17,3,4,7,6,5,4,6,1,12,16,1,16,2,13,12,1,14,13,1,0,15,14,1,0,14],"vertices":[1,11,60.76,-17.16,1,1,11,65.35,-20.97,1,1,11,68.68,-26.98,1,1,11,71.01,-32.18,1,1,11,69.83,-39.91,1,1,11,67.64,-45.89,1,1,11,73.03,-45.71,1,1,11,74.16,-43.6,1,1,11,78.65,-43.09,1,1,11,78.43,-36.73,1,1,11,78.16,-28.58,1,1,11,77.98,-23.3,1,1,11,72.33,-17.97,1,1,11,68.86,-14.6,1,1,11,66.19,-13.92,1,1,11,60.8,-14.1,1,1,11,72.76,-23.48,1,1,11,75.09,-31.92,1,1,11,73.77,-39.17,1],"hull":16,"edges":[0,2,2,4,4,6,6,8,8,10,10,12,12,14,14,16,16,18,18,20,20,22,22,24,24,26,26,28,28,30,0,30],"width":32,"height":17}},"cut-girl_0013_n":{"cut-girl_0013_n":{"type":"mesh","uvs":[0.66909,1,0.74014,0.96289,0.85211,0.85302,0.93823,0.72003,0.97053,0.6121,1,0.50802,1,0.34611,0.97268,0.2748,0.92101,0.13024,0.84134,0.05507,0.71,0.00111,0.55066,0,0.32674,0,0.18248,0.06471,0.06621,0.13988,0.02314,0.26516,0.0253,0.4155,0,0.46561,0,0.59282,0.0296,0.68534,0.10927,0.72389,0.1674,0.81255,0.24922,0.90507,0.35903,0.96096,0.46239,1,0.46239,0.61788,0.41502,0.70076,0.34396,0.72774,0.20831,0.68919,0.11357,0.59089,0.55497,0.64486,0.61311,0.70268,0.73368,0.70076,0.8478,0.66606,0.44301,0.79713,0.52483,0.82604,0.58512,0.82411,0.68847,0.78749,0.38918,0.8588,0.49253,0.89928,0.59588,0.90699,0.73584,0.8511],"triangles":[13,16,15,25,7,6,14,13,15,25,29,16,17,16,29,18,17,29,8,7,11,6,5,25,25,12,11,13,12,25,25,16,13,25,11,7,10,8,11,9,8,10,25,5,30,5,33,30,4,33,5,19,18,29,28,29,25,20,19,29,32,30,33,25,27,28,31,30,32,3,33,4,28,20,29,26,27,25,37,31,32,30,34,26,30,26,25,34,30,31,27,26,34,21,20,28,21,28,27,31,35,34,36,31,37,36,35,31,2,41,32,33,2,32,37,32,41,3,2,33,38,27,34,22,21,27,39,34,35,38,34,39,38,22,27,41,40,36,41,36,37,23,22,38,23,38,39,1,41,2,40,41,1,24,23,39,0,40,1,35,36,40,39,35,40,24,39,40,24,40,0],"vertices":[1,11,5.46,-18.29,1,1,11,10.33,-26.02,1,1,11,24.37,-37.98,1,1,11,41.17,-46.98,1,1,11,54.67,-50.1,1,1,11,67.68,-52.94,1,1,11,87.74,-52.26,1,1,11,96.48,-48.93,1,1,11,114.2,-42.59,1,1,11,123.21,-33.43,1,1,11,129.41,-18.64,1,1,11,128.95,-0.96,1,1,11,128.1,23.89,1,1,11,119.54,39.62,1,1,11,109.79,52.2,1,1,11,94.1,56.45,1,1,11,75.48,55.58,1,1,11,69.17,58.18,1,1,11,53.41,57.64,1,1,11,42.05,53.97,1,1,11,37.58,44.97,1,1,11,26.81,38.15,1,1,11,15.65,28.68,1,1,11,9.14,16.27,1,1,11,4.69,4.64,1,1,11,52.04,6.24,1,1,11,41.59,11.15,1,1,11,37.98,18.92,1,1,11,42.25,34.13,1,1,11,54.07,45.05,1,1,11,49.05,-4.14,1,1,11,42.1,-10.83,1,1,11,42.79,-24.2,1,1,11,47.52,-36.72,1,1,11,29.76,7.64,1,1,11,26.48,-1.56,1,1,11,26.95,-8.24,1,1,11,31.87,-19.55,1,1,11,21.91,13.35,1,1,11,17.28,1.72,1,1,11,16.71,-9.78,1,1,11,24.17,-25.07,1],"hull":25,"edges":[0,2,2,4,4,6,6,8,8,10,10,12,12,14,14,16,16,18,18,20,20,22,22,24,24,26,26,28,28,30,30,32,32,34,34,36,36,38,38,40,40,42,42,44,44,46,46,48,0,48],"width":111,"height":124}},"cut-girl_0014_o":{"cut-girl_0014_o":{"type":"mesh","uvs":[1,0.24716,0.93435,0.26553,0.8666,0.28224,0.85531,0.34406,0.79659,0.38583,0.79433,0.44932,0.80337,0.56292,0.80788,0.67653,0.80563,0.81855,0.78982,0.94218,0.76046,1,0.63626,1,0.5369,0.94719,0.37882,0.86366,0.24784,0.76675,0.10557,0.65481,0.03331,0.56794,0,0.51447,0,0.40922,0.0446,0.2906,0.06041,0.2104,0.0717,0.15677,0.15525,0.10831,0.1959,0.04149,0.22752,0,0.42172,0,0.50754,0,0.53012,0.05485,0.51657,0.12502,0.47592,0.19853,0.37882,0.29042,0.46689,0.29209,0.60238,0.24531,0.70175,0.19853,0.81918,0.12502,0.9208,0.12001,1,0.15509,0.70852,0.4057,0.55496,0.44079,0.37656,0.47755,0.22526,0.48089,0.12138,0.46418],"triangles":[39,7,13,13,7,12,8,9,7,9,12,7,11,12,9,10,11,9,14,39,13,7,38,6,6,38,37,39,38,7,5,6,37,1,35,36,0,1,36,1,2,34,1,34,35,33,34,2,2,4,33,3,4,2,32,33,4,37,32,4,38,31,32,38,32,37,5,37,4,39,30,31,39,31,38,39,40,30,16,17,41,40,15,16,40,16,41,14,40,39,15,40,14,27,25,26,28,29,25,27,28,25,23,25,29,25,23,24,29,22,23,30,22,29,20,22,30,22,20,21,30,19,20,40,41,19,18,19,41,19,30,40,17,18,41],"vertices":[2,19,163.22,6.21,0.99809,20,-45.98,85.74,0.00191,2,19,150.49,5.12,0.99014,20,-41.06,73.95,0.00986,3,19,137.51,4.54,0.94927,20,-36.53,61.76,0.05058,21,-63.63,68.17,1.5E-4,4,19,131.37,-9.53,0.84324,20,-21.26,60.23,0.15188,21,-48.55,65.32,0.00485,23,-77.61,95.36,3.0E-5,4,19,118.29,-16.5,0.63937,20,-10.63,49.89,0.32576,21,-38.85,54.11,0.03278,23,-73.07,81.25,0.00209,4,19,113.62,-31.41,0.29644,20,4.99,50.01,0.55567,21,-23.28,52.88,0.13311,23,-59.22,74.03,0.01478,5,19,107.57,-58.74,0.03158,20,32.87,52.6,0.45688,21,4.72,53.05,0.4128,22,-14.66,57.78,2.8E-4,23,-33.38,63.24,0.09846,5,19,100.73,-85.85,3.0E-5,20,60.77,54.37,0.17465,21,32.67,52.4,0.43773,22,12.72,52.08,0.02642,23,-7.91,51.71,0.36117,5,19,90.78,-119.34,0,20,95.7,55.14,0.01958,21,67.53,50.16,0.1118,22,46.6,43.55,0.00154,23,23.3,36.01,0.86708,4,19,79.71,-147.81,0,20,126.19,53.3,8.0E-5,21,97.75,45.69,0.00528,23,49.37,20.08,0.99464,2,19,70.68,-160.04,0,23,59.81,9.04,1,1,23,49.89,-11.27,1,3,19,35.09,-136.42,3.7E-4,22,66,-11.38,0.03334,23,30.28,-21.82,0.96629,4,19,13.03,-108.79,0.0532,21,74.53,-28,4.9E-4,22,39.32,-34.58,0.5709,23,-0.81,-38.66,0.3754,4,19,-3.39,-79.35,0.27376,21,49.48,-50.55,0.07,22,10.6,-52.22,0.63496,23,-32.7,-49.61,0.02127,4,18,153.89,14.02,0.00601,19,-20.77,-45.79,0.62643,21,20.62,-74.96,0.09443,22,-22.21,-71,0.27313,4,18,139.99,-6.87,0.17111,19,-27.59,-21.64,0.68125,21,-1.42,-86.97,0.04144,22,-46.05,-78.82,0.1062,4,18,130.58,-17.88,0.44493,19,-29.82,-7.33,0.49524,21,-14.87,-92.33,0.01511,22,-60.25,-81.65,0.04472,3,18,107.06,-28.71,0.97231,19,-22.75,17.58,0.02708,22,-85.44,-75.63,6.1E-4,1,18,77.16,-33.55,1,1,18,58.04,-39.2,1,1,18,45.2,-42.85,1,1,18,28.01,-34.03,1,1,18,9.98,-34.19,1,1,18,-1.69,-33.24,1,1,18,-16.49,-1.14,1,1,18,-23.02,13.05,1,1,18,-12.49,22.43,1,1,18,4.22,27.41,1,2,18,23.74,28.26,0.99134,19,74.73,43.77,0.00866,2,18,51.67,21.67,0.58113,19,51.56,26.85,0.41887,2,18,45.33,36.4,0.09011,19,66.86,22.08,0.90989,2,18,24.56,53.98,4.0E-5,19,93.73,26.41,0.99996,2,19,114.27,32.54,0.99855,20,-56.1,31.08,0.00145,1,19,139.77,44.1,1,1,19,157.9,40.23,1,1,19,169.41,27.99,1,4,19,101.53,-16.82,0.48956,20,-5.2,34.04,0.46111,21,-34.81,37.85,0.04583,23,-75.71,64.7,0.00349,4,19,72.29,-17.49,0.01721,20,4.37,6.4,0.98216,21,-27.66,9.48,3.4E-4,23,-80.22,35.8,2.9E-4,4,19,38.59,-17.31,0.65457,20,14.51,-25.74,0.21211,21,-20.34,-23.42,0.10824,22,-53.15,-12.89,0.02507,4,19,11.87,-10.58,0.91901,20,16.26,-53.24,0.0054,21,-20.97,-50.96,0.04107,22,-58.76,-39.86,0.03451,4,18,110.1,-2.99,0.54755,19,-5.19,-1.46,0.43963,21,-26.06,-69.62,0.00379,22,-67.15,-57.29,0.00902],"hull":37,"edges":[0,2,2,4,4,6,6,8,8,10,10,12,12,14,14,16,16,18,18,20,20,22,22,24,24,26,26,28,28,30,30,32,32,34,34,36,36,38,38,40,40,42,42,44,44,46,46,48,48,50,50,52,52,54,54,56,56,58,58,60,60,62,62,64,64,66,66,68,68,70,70,72,0,72],"width":182,"height":246}},"cut-girl_0015_p":{"cut-girl_0015_p":{"type":"mesh","uvs":[0.44939,1,0.53235,0.96901,0.61153,0.90904,0.74727,0.79086,0.86416,0.66385,0.95089,0.5686,1,0.47687,1,0.39397,0.95466,0.35516,0.81138,0.25638,0.69071,0.18759,0.66809,0.13643,0.58891,0.09939,0.47956,0.03059,0.41546,6.1E-4,0.13643,0,0,0.0253,0.04216,0.07116,0.09495,0.13643,0,0.16995,0,0.25285,0.06479,0.30048,0.11004,0.33047,0.04216,0.4169,0,0.51921,0,0.68149,0,0.79615,0.07987,0.89846,0.22693,1,0.24201,0.36045,0.38529,0.40808,0.50218,0.43454,0.7435,0.46805,0.87925,0.48746,0.46448,0.23521,0.72088,0.30753,0.32119,0.10468],"triangles":[0,28,1,28,27,1,1,27,2,26,2,27,3,2,26,31,4,3,3,26,31,30,26,25,31,26,30,23,30,24,23,29,30,30,25,24,31,30,35,4,31,32,5,32,33,5,4,32,5,33,6,6,33,7,33,32,7,31,35,32,32,8,7,23,22,29,30,29,34,29,22,34,22,21,34,34,21,18,21,20,18,20,19,18,32,35,8,30,34,35,35,9,8,34,10,35,35,10,9,18,36,34,34,11,10,34,12,11,34,36,12,18,17,36,17,15,36,36,13,12,36,14,13,36,15,14,17,16,15],"vertices":[1,17,24.28,9.03,1,2,15,81.63,17.52,0.01167,17,16.53,17.62,0.98833,3,13,-43.31,114.5,0.00127,15,67.17,25.3,0.17834,17,2.07,25.4,0.82039,4,13,-43.8,83.24,0.04771,14,72.09,39.69,0.00186,15,38.8,38.43,0.74924,17,-26.31,38.52,0.20119,4,13,-41.53,51.1,0.26485,14,41.71,50.4,0.09525,15,8.5,49.38,0.6338,17,-56.61,49.46,0.00609,4,12,129.67,-9.64,0.01098,13,-39.74,27.05,0.53106,14,18.93,58.33,0.14337,15,-14.22,57.5,0.31459,4,12,114.8,6.62,0.13833,13,-34.68,5.6,0.66504,14,-2.76,62.22,0.07693,15,-35.87,61.57,0.11969,4,12,98.69,17.29,0.4909,13,-25.81,-11.56,0.46524,14,-22.03,60.92,0.01238,15,-55.15,60.41,0.03149,4,12,88.43,18.16,0.74369,13,-17.27,-17.32,0.24501,14,-30.72,55.37,0.00102,15,-63.88,54.94,0.01028,1,12,60.61,17.84,1,1,12,39.99,15.72,1,1,12,28.69,20.25,1,1,12,16.73,17.82,1,1,12,-3.22,16.73,1,1,12,-12.9,14.76,1,2,12,-29.81,-10.52,0.9488,13,99.96,-49.87,0.0512,2,12,-33.1,-26.18,0.92137,13,110.46,-37.81,0.07863,2,12,-21.66,-28.25,0.87307,13,101.47,-30.43,0.12693,2,12,-5.8,-31.84,0.54865,13,89.38,-19.56,0.45135,2,12,-5,-44.78,0.27019,13,94.99,-7.87,0.72981,3,12,11.1,-55.45,0.07775,13,86.12,9.29,0.9146,14,-47.46,-50.06,0.00765,3,12,24.26,-55.69,0.01185,13,74.75,15.91,0.92155,14,-36.87,-42.26,0.0666,2,13,67.16,19.85,0.79236,14,-30.23,-36.87,0.20764,3,13,64.48,41.13,0.32051,14,-9.64,-42.89,0.66564,15,-43.6,-43.49,0.01385,3,13,57.62,64.42,0.05542,14,14.45,-45.86,0.78447,15,-19.53,-46.65,0.16011,3,14,52.18,-43.3,0.24186,15,18.22,-44.4,0.68391,17,-46.86,-44.31,0.07423,3,14,78.83,-41.5,0.03261,15,44.89,-42.81,0.58893,17,-20.2,-42.71,0.37847,3,14,102.03,-31.2,2.3E-4,15,68.16,-32.7,0.20664,17,3.08,-32.6,0.79313,2,15,90.82,-15.29,8.6E-4,17,25.73,-15.18,0.99914,2,13,51.17,19.45,0.68108,14,-24.23,-22.04,0.31892,2,13,32.2,22.13,0.43992,14,-14.22,-5.71,0.56008,3,13,18.05,21.76,0.39964,14,-8.93,7.42,0.59748,15,-42.48,6.81,0.00289,4,12,97.65,-15.55,0.00804,13,-8.9,16.62,0.70348,14,-2.92,34.19,0.20041,15,-36.25,33.53,0.08807,4,12,109.59,-5.71,0.06738,13,-24.12,13.84,0.67234,14,0.59,49.26,0.11754,15,-32.62,48.57,0.14274,2,12,35.63,-10.96,0.6519,13,43.03,-17.61,0.3481,1,12,65.11,3.04,1,2,12,1.64,-7.2,0.92928,13,70.87,-37.45,0.07071],"hull":29,"edges":[0,2,2,4,4,6,6,8,8,10,10,12,12,14,14,16,16,18,18,20,20,22,22,24,24,26,26,28,28,30,30,32,32,34,34,36,36,38,38,40,40,42,42,44,44,46,46,48,48,50,50,52,52,54,54,56,0,56],"width":109,"height":233}},"cut-girl_0016_q":{"cut-girl_0016_q":{"type":"mesh","uvs":[0.74257,0,0.83246,0.02856,0.86141,0.07768,0.91321,0.13238,0.95434,0.21611,0.98176,0.323,1,0.39668,1,0.52953,1,0.6166,0.98024,0.67465,0.93149,0.7662,0.88273,0.83876,0.80351,0.92472,0.72124,0.9705,0.65878,1,0.52775,1,0.40282,1,0.27485,0.98278,0.14078,0.92361,0.04327,0.84211,0,0.7632,0,0.71966,0.05742,0.67277,0.13208,0.56225,0.18997,0.4562,0.20673,0.3814,0.21587,0.24743,0.22044,0.14138,0.26919,0.0476,0.31795,0.01746,0.48858,0.03532,0.51448,0,0.64127,0.20418,0.6193,0.3616,0.5778,0.51543,0.46795,0.68537,0.33368,0.8231],"triangles":[32,30,0,2,0,1,0,30,31,5,33,32,4,5,32,6,7,33,33,5,6,33,25,26,32,33,26,32,26,27,30,32,27,28,29,30,30,27,28,32,3,4,32,2,3,2,32,0,11,35,10,35,34,10,10,34,9,9,34,8,8,34,7,23,24,35,35,24,34,33,7,34,24,25,34,34,25,33,36,15,16,16,17,36,17,18,36,35,15,36,36,22,35,18,19,36,36,19,22,19,20,22,20,21,22,22,23,35,14,15,13,35,13,15,12,13,35,12,35,11],"vertices":[2,10,96.09,-5.52,0.00428,11,23.27,-8.3,0.99572,2,10,91.85,-21.62,0.1934,11,17.17,-23.8,0.8066,2,10,81.32,-28.21,0.52112,11,5.94,-29.1,0.47888,4,31,192.38,13.48,0,9,138.69,-35.83,0.00253,10,70.1,-38.82,0.86128,11,-6.44,-38.33,0.13619,4,31,175.44,1.68,9.5E-4,9,120.97,-46.43,0.03813,10,51.95,-48.66,0.95252,11,-25.62,-45.98,0.0084,3,31,152.71,-9.27,0.00954,9,97.53,-55.77,0.20028,10,28.14,-57.01,0.79018,3,31,137.01,-16.7,0.02517,9,81.36,-62.1,0.38453,10,11.71,-62.65,0.5903,3,31,107.25,-24.72,0.09223,9,51.11,-68.02,0.68013,10,-18.76,-67.29,0.22763,4,31,87.74,-29.97,0.17332,8,90.97,-69.56,0.007,9,31.28,-71.9,0.72794,10,-38.73,-70.33,0.09174,4,31,73.86,-30.23,0.24513,8,77.1,-69.81,0.02381,9,17.42,-71.2,0.68747,10,-52.55,-69.04,0.04359,4,31,51.2,-27.74,0.42639,8,54.43,-67.33,0.07068,9,-5.01,-67.15,0.49675,10,-74.8,-64.05,0.00618,4,31,32.79,-24.12,0.62864,8,36.02,-63.71,0.08554,9,-23.13,-62.25,0.28575,10,-92.69,-58.39,7.0E-5,3,31,10.03,-16.3,0.9089,8,13.26,-55.88,0.02099,9,-45.29,-52.86,0.07011,2,31,-3.86,-5.55,0.9983,9,-58.4,-41.18,0.0017,2,31,-13.23,2.92,0.87836,8,-10,-36.67,0.12164,3,31,-19.02,24.43,0.29907,30,-17.18,-80.24,5.5E-4,8,-15.79,-15.16,0.70038,3,31,-24.54,44.94,0.01287,30,-22.7,-59.73,0.07785,8,-21.31,5.35,0.90928,2,30,-24.5,-37.68,0.3227,8,-23.11,27.4,0.6773,2,30,-17.17,-12.1,0.74742,8,-15.78,52.97,0.25258,2,30,-3.22,8.82,0.99638,9,-51.32,77.65,0.00362,4,30,12.55,20.68,0.94297,8,13.94,85.76,0.0011,9,-34.77,88.39,0.05589,10,-97.97,92.6,5.0E-5,4,30,22.3,23.31,0.90385,8,23.69,88.38,0.00885,9,-24.86,90.33,0.08676,10,-87.98,94.13,5.3E-4,4,30,35.34,16.71,0.7714,8,36.73,81.79,0.04647,9,-12.31,82.84,0.17706,10,-75.76,86.11,0.00507,5,30,63.4,11.12,0.41403,8,64.79,76.2,0.0698,9,15.3,75.32,0.46275,10,-48.5,77.43,0.05307,11,-110.61,91.01,3.4E-4,5,30,89.72,8.01,0.17952,8,91.11,73.09,0.01936,9,41.33,70.39,0.57913,10,-22.69,71.41,0.21283,11,-85.69,82,0.00916,5,30,107.21,9.77,0.08851,8,108.61,74.85,0.00211,9,58.91,70.93,0.47787,10,-5.1,71.21,0.39965,11,-68.25,79.74,0.03185,4,30,137.63,16.35,0.02142,9,89.71,75.38,0.19324,10,25.85,74.35,0.65229,11,-37.14,79.24,0.13304,4,30,161.59,22,0.00508,9,114.01,79.34,0.06503,10,50.3,77.29,0.67172,11,-12.52,79.3,0.25817,4,30,184.75,19.65,5.7E-4,9,136.95,75.39,0.01767,10,73.05,72.37,0.61692,11,9.51,71.75,0.36484,4,30,193.66,13.47,9.0E-5,9,145.4,68.6,0.01062,10,81.21,65.23,0.59459,11,16.78,63.71,0.39471,3,9,146.91,39.34,6.5E-4,10,81.49,35.93,0.35258,11,13.62,34.58,0.64677,2,10,90.25,32.81,0.19461,11,21.96,30.45,0.80539,3,30,166.12,-50.87,3.0E-5,10,46.67,4.37,0.9908,11,-24.66,7.31,0.00917,4,30,129.88,-56.76,3.7E-4,9,76.9,2.98,0.01646,10,10,2.56,0.98286,11,-61.28,9.8,3.1E-4,3,30,93.59,-59.23,0.00204,9,40.52,3.04,0.99647,10,-26.34,4.16,0.00149,3,30,50.66,-51.44,0.05737,8,52.05,13.64,0.54001,9,-1.76,13.79,0.40262,3,30,13.87,-37.71,0.30212,8,15.26,27.37,0.67292,9,-37.5,30.05,0.02496],"hull":32,"edges":[0,2,2,4,4,6,6,8,8,10,10,12,12,14,14,16,16,18,18,20,20,22,22,24,24,26,26,28,28,30,30,32,32,34,34,36,36,38,38,40,40,42,42,44,44,46,46,48,48,50,50,52,52,54,54,56,56,58,58,60,60,62,0,62],"width":170,"height":232}},"cut-girl_0017_r":{"cut-girl_0017_r":{"type":"mesh","uvs":[0.54698,1,0.58486,0.90733,0.55835,0.78378,0.60001,0.67494,0.63788,0.57786,0.69469,0.49549,0.79696,0.56609,0.92573,0.59845,1,0.57786,1,0.40724,0.89164,0.35429,0.74772,0.33075,0.61894,0.29545,0.52426,0.2072,0.45608,0.07776,0.39548,0,0.2402,0,0.16823,0.07482,0.20232,0.16307,0.07355,0.18367,0,0.19837,0,0.28368,0.10763,0.29839,0.28943,0.28957,0.38791,0.28368,0.45987,0.33958,0.53562,0.40135,0.4826,0.5102,0.4523,0.59257,0.41063,0.6867,0.32731,0.75731,0.22883,0.86615,0.21368,1,0.3917,1,0.41821,0.89557,0.49396,0.76025],"triangles":[33,34,0,0,34,1,34,33,31,33,32,31,34,2,1,31,30,34,34,30,35,34,35,2,2,35,3,30,29,35,35,29,3,29,28,3,3,28,4,28,27,4,4,27,5,8,7,9,7,6,9,6,5,10,6,10,9,10,5,11,27,26,5,5,26,11,11,26,12,26,25,12,25,13,12,25,24,13,21,19,22,22,18,23,22,19,18,23,18,24,24,18,14,24,14,13,14,16,15,16,14,18,21,20,19,18,17,16],"vertices":[1,48,18.96,13.37,1,1,48,8.97,12.78,1,2,47,13,6.44,0.60758,48,-2.15,6.23,0.39242,2,46,17.16,7.03,0.39226,47,1.32,6.96,0.60774,2,45,15.46,9.11,0.07279,46,6.72,6.81,0.92721,2,45,6.25,6.33,0.91606,46,-2.76,8.5,0.08394,1,45,5.6,17.25,1,1,45,0.68,26.9,1,1,45,-5.02,29.6,1,1,45,-17.45,17.17,1,1,45,-15.18,7.18,1,2,34,26.26,25.04,0.03446,45,-8.75,-2.67,0.96554,2,34,27.75,14.22,0.4407,45,-4.04,-12.53,0.5593,2,34,23.14,3.32,0.97477,45,-5.11,-24.31,0.02523,2,34,13.79,-7.63,0.9996,45,-10.68,-37.59,4.0E-4,2,34,8.9,-15.61,0.99916,45,-12.91,-46.69,8.4E-4,2,34,14.59,-26.66,0.99831,45,-4.13,-55.47,0.00169,2,34,24.08,-28.24,0.99743,45,5.39,-54.09,0.00257,2,34,30.91,-21.65,0.99458,45,9.89,-45.74,0.00542,2,34,37.51,-29.84,0.99034,45,18.67,-51.52,0.00966,2,34,41.56,-34.37,0.98977,45,23.91,-54.61,0.01023,2,34,49.37,-30.34,0.98969,45,30.12,-48.4,0.01031,2,34,46.77,-22,0.99041,45,25.1,-41.24,0.00959,2,34,39.29,-9.49,0.99393,45,14.17,-31.6,0.00607,2,34,35.15,-2.76,0.99754,45,8.18,-26.45,0.00246,2,34,37.62,4.99,0.8002,45,8.18,-18.31,0.1998,3,34,40.5,13.3,0.23274,45,8.39,-9.53,0.75068,46,-8.02,-6.61,0.01658,3,34,52.41,14.66,8.1E-4,45,19.32,-4.6,0.06387,46,3.95,-7.16,0.93532,2,46,12.77,-6.83,0.86996,47,-4.05,-6.56,0.13004,3,46,23.02,-6.99,0.01471,47,6.17,-7.45,0.92141,48,-7.24,-8.39,0.06388,2,47,14.84,-12.15,0.34016,48,1.94,-12,0.65984,2,47,27.63,-17.07,0.0052,48,15.23,-15.33,0.9948,1,48,28.53,-11.51,1,1,48,23.42,1.78,1,2,47,26.89,-1.64,1.0E-5,48,12.62,-0.1,0.99999,2,47,11.9,0.86,0.99056,48,-2.56,0.55,0.00944],"hull":34,"edges":[0,2,2,4,4,6,6,8,8,10,10,12,12,14,14,16,16,18,18,20,20,22,22,24,24,26,26,28,28,30,30,32,32,34,34,36,36,38,38,40,40,42,42,44,44,46,46,48,48,50,50,52,52,54,54,56,56,58,58,60,60,62,62,64,64,66,0,66],"width":80,"height":103}},"cut-girl_0018_s":{"cut-girl_0018_s":{"type":"mesh","uvs":[0.72775,1,0.81727,0.90402,0.86892,0.75252,0.8999,0.58419,0.88613,0.48655,1,0.42596,1,0.29466,0.93089,0.18019,0.82071,0.08929,0.66921,0,0.53837,0,0.49705,0.15999,0.26292,0.19366,0.0942,0.26436,0,0.35189,0,0.63132,0.0701,0.84679,0.20438,0.95115,0.32834,1,0.64511,0.30475,0.74152,0.37545,0.26636,0.45289,0.64511,0.73905],"triangles":[9,11,10,19,9,8,20,19,8,19,11,9,7,20,8,20,7,6,4,20,6,21,12,11,21,11,19,13,12,21,14,13,21,5,4,6,15,14,21,22,19,20,21,19,22,3,22,20,3,20,4,2,22,3,16,15,21,17,16,21,1,22,2,22,17,21,18,17,22,0,22,1,18,22,0],"vertices":[1,34,76.26,36.85,1,1,34,64.97,39.89,1,1,34,50.77,37.68,1,1,34,36.05,33.16,1,1,34,28.8,28.06,1,1,34,19.36,34.46,1,1,34,8.86,29.05,1,1,34,2.49,18.92,1,1,34,-0.34,6.56,1,1,34,-1.37,-8.98,1,1,34,3.9,-19.21,1,1,34,18.37,-15.84,1,1,34,30.5,-32.77,1,1,34,42.96,-43.05,1,1,34,53.76,-46.81,1,1,34,76.12,-35.28,1,1,34,90.53,-20.91,1,1,34,93.46,-6.1,1,1,34,92.37,5.61,1,1,34,23.98,1.71,1,1,34,25.74,12.16,1,1,34,51.1,-21.81,1,1,34,58.72,19.62,1],"hull":19,"edges":[0,2,2,4,4,6,6,8,8,10,10,12,12,14,14,16,16,18,18,20,20,22,22,24,24,26,26,28,28,30,30,32,32,34,34,36,0,36],"width":88,"height":90}},"cut-girl_0019_t":{"cut-girl_0019_t":{"type":"mesh","uvs":[0.33854,1,0.46391,0.87435,0.73557,0.73751,1,0.52737,1,0.27324,1,0,0.63109,0,0.2445,0.14129,0,0.29768,0,0.62511,0,1,0.32809,0.67398,0.47436,0.40519,0.66243,0.22437],"triangles":[11,9,12,2,11,3,1,11,2,10,9,11,10,11,1,0,10,1,13,6,5,7,6,13,13,5,4,12,7,13,8,7,12,12,13,4,3,12,4,9,8,12,11,12,3],"vertices":[1,33,31.55,8.12,1,1,33,22.96,8.33,1,2,32,30.01,10.69,0.0281,33,12.03,12.16,0.9719,2,32,15.31,14.22,0.64859,33,-2.98,13.97,0.35141,2,32,0.24,9.62,0.99988,33,-17.42,7.66,1.2E-4,1,32,-15.97,4.68,1,1,32,-12.84,-5.55,1,2,32,-1.19,-13.72,0.99991,33,-16.15,-15.69,9.0E-5,2,32,10.15,-17.67,0.90513,33,-4.42,-18.31,0.09487,2,32,29.57,-11.75,0.07694,33,14.18,-10.18,0.92306,1,33,35.48,-0.88,1,2,32,29.69,-1.76,5.0E-4,33,13.15,-0.25,0.9995,2,32,12.51,-2.57,0.96745,33,-3.82,-3.03,0.03255,1,32,0.2,-0.62,1],"hull":11,"edges":[0,2,2,4,4,6,6,8,8,10,10,12,12,14,14,16,16,18,18,20,0,20],"width":29,"height":62}},"cut-girl_0020_u":{"cut-girl_0020_u":{"type":"mesh","uvs":[1,1,0,1,0,0,1,0],"triangles":[1,2,3,1,3,0],"vertices":[1,34,56.6,-34.83,1,1,34,63.48,-48.16,1,1,34,49.26,-55.49,1,1,34,42.38,-42.16,1],"hull":4,"edges":[0,2,2,4,4,6,0,6],"width":15,"height":16}},"cut-girl_0021_v":{"cut-girl_0021_v":{"type":"mesh","uvs":[0.22056,0,0.30594,0.00766,0.43875,0.02278,0.58104,0.04797,0.65503,0.07317,0.69108,0.13742,0.71764,0.23191,0.75748,0.33774,0.80871,0.4675,0.86752,0.58844,0.91495,0.68671,0.96428,0.80262,1,0.88199,1,0.94624,0.93013,0.97774,0.82958,1,0.72143,1,0.58483,0.99411,0.55068,0.96892,0.51653,0.84797,0.49566,0.76356,0.45582,0.61742,0.43116,0.54561,0.43685,0.6653,0.45582,0.78498,0.45962,0.88073,0.4672,0.97396,0.41029,0.99915,0.2623,1,0.15606,1,0,0.979,0,0.93364,0,0.79254,0,0.65106,0,0.51751,0,0.38145,0.02894,0.20381,0.04981,0.09043,0.08207,0,0.2393,0.89605,0.24208,0.21335,0.23653,0.54732,0.54773,0.21519,0.63943,0.4975,0.77003,0.86653],"triangles":[27,28,39,28,29,39,39,29,31,26,27,25,29,30,31,27,39,25,31,32,39,39,32,23,39,24,25,39,23,24,23,32,33,14,15,44,44,15,16,44,16,18,16,17,18,13,14,12,18,19,44,14,44,12,44,11,12,11,44,10,10,44,20,10,20,9,19,20,44,9,20,21,42,4,5,42,3,4,42,2,3,43,9,21,43,8,9,21,22,43,43,22,42,22,40,42,40,2,42,43,7,8,7,42,6,7,43,42,42,5,6,23,41,22,33,41,23,33,34,41,40,22,41,40,41,35,40,1,2,35,41,34,35,36,40,36,37,40,40,37,0,37,38,0,40,0,1],"vertices":[4,30,9.36,-10.14,0.91698,5,-62.31,14.65,0.01846,2,-78.98,-39.84,0.03923,31,7.52,94.53,0.02533,4,30,12.16,-31.75,0.62464,5,-57.6,35.93,0.07569,2,-69.47,-20.22,0.17015,31,10.32,72.91,0.12952,4,30,15.33,-65.7,0.22145,5,-49.06,68.94,0.03474,2,-53.53,9.91,0.26411,31,13.49,38.97,0.4797,2,30,15.42,-102.95,0.00831,31,13.58,1.71,0.99169,2,2,-18.24,55.93,0.02995,31,9.18,-18.86,0.97005,2,2,7.86,56.97,0.33629,31,-12.09,-34.03,0.66371,2,2,44.16,52.14,0.80209,31,-45.1,-49.88,0.19791,2,2,85.62,49.15,0.9796,31,-81.42,-70.09,0.0204,2,2,136.63,46.06,0.96327,3,-39.65,44.2,0.03673,2,2,185.06,45.85,0.31197,3,8.73,46.32,0.68803,2,2,224.37,45.59,0.00653,3,48.01,47.96,0.99347,1,3,93.9,48.28,1,1,3,125.45,48.98,1,1,3,149.06,42.48,1,1,3,155.94,22.26,1,1,3,157.37,-4.52,1,1,3,150.11,-30.9,1,1,3,138.78,-63.63,1,1,3,127.24,-69.41,1,1,3,80.52,-65.52,1,3,5,233.4,59.76,0.00253,2,219.15,-64.34,0.02845,3,48.11,-62.08,0.96903,4,5,177.07,54.36,0.1078,2,163.1,-56.57,0.50177,3,-8.25,-57.03,0.38952,6,-2.13,54.35,9.1E-4,4,5,149.29,50.42,0.46638,2,135.15,-53.97,0.45049,3,-36.29,-55.79,0.04224,6,-29.89,50.27,0.04089,3,5,194.85,48.05,0.22571,2,178.93,-66.81,0.02879,6,15.68,48.13,0.7455,2,5,240.69,49.04,3.8E-4,6,61.51,49.34,0.99962,1,6,97.96,47.43,1,1,6,133.52,46.56,1,1,6,141.96,31.45,1,1,6,139.34,-5.9,1,1,6,137.23,-32.7,1,1,6,126.15,-71.43,1,1,6,108.93,-70.08,1,2,5,233.95,-66.13,0.02523,6,55.33,-65.86,0.97477,2,5,180.23,-61.63,0.46556,6,1.59,-61.63,0.53444,2,5,129.53,-57.39,0.96328,6,-49.13,-57.63,0.03672,1,5,77.87,-53.07,1,2,30,-78.22,16.49,0.02012,5,11.03,-40.13,0.97988,2,30,-35.14,22.62,0.479,5,-31.58,-31.27,0.521,2,30,0.25,23.7,0.95235,5,-65.23,-20.26,0.04765,1,6,99.4,-8.6,1,2,5,19.15,13.3,0.87458,2,-0.04,-59.99,0.12542,3,5,145.83,1.29,0.99788,2,120.43,-100.97,0.00212,3,-48.72,-103.44,0,2,2,24.72,13.27,0.91003,31,-50.13,-6.72,0.08997,1,2,134.15,1.81,1,1,3,104.34,-5.56,1],"hull":39,"edges":[0,2,2,4,4,6,6,8,8,10,10,12,12,14,14,16,16,18,18,20,20,22,22,24,24,26,26,28,28,30,30,32,32,34,34,36,36,38,38,40,40,42,42,44,44,46,46,48,48,50,50,52,52,54,54,56,56,58,58,60,60,62,62,64,64,66,66,68,68,70,70,72,72,74,74,76,0,76],"width":253,"height":381}},"cut-girl_0022_x":{"cut-girl_0022_x":{"type":"mesh","uvs":[0.58035,1,0.41966,0.75497,0.2091,0.51249,0.07612,0.31042,0,0.20388,0,0.06427,0.22573,0,0.6136,0,0.7632,0,0.83523,0.19286,0.92389,0.50881,1,0.72557,1,0.90192,1,1,0.43628,0.19653,0.59143,0.50881,0.77982,0.85416],"triangles":[14,6,7,4,5,6,4,6,14,3,4,14,9,15,14,2,3,14,15,2,14,7,8,9,9,14,7,15,9,10,1,2,15,11,16,15,11,15,10,1,15,16,16,11,12,0,1,16,16,12,13,0,16,13],"vertices":[1,3,225.86,-14.2,1,1,3,201.52,-17.67,1,1,3,176.61,-24.14,1,1,3,156.53,-27.03,1,1,3,145.85,-28.91,1,1,3,133.46,-25.5,1,1,3,131.42,-10.66,1,1,3,137.69,12.16,1,1,3,140.11,20.95,1,1,3,158.38,20.48,1,1,3,187.85,17.99,1,1,3,208.3,17.18,1,1,3,223.95,12.87,1,1,3,232.65,10.48,1,1,3,152.26,-3.07,1,1,3,182.47,-1.56,1,1,3,216.15,1.09,1],"hull":14,"edges":[0,2,2,4,4,6,6,8,8,10,10,12,12,14,14,16,16,18,18,20,20,22,22,24,24,26,0,26],"width":61,"height":92}},"cut-girl_0023_y":{"cut-girl_0023_y":{"type":"mesh","uvs":[0.5219,0,0.64961,0.07276,0.64671,0.16876,0.6409,0.25076,0.66702,0.32076,0.74249,0.44476,0.86439,0.65476,0.96017,0.76476,1,0.79876,1,0.94276,0.92534,1,0.638,1,0.51319,0.93676,0.46385,0.82276,0.34776,0.78876,0.2839,0.67676,0.23166,0.55476,0.22876,0.48276,0.1591,0.39676,0.11846,0.31076,0.043,0.24676,0,0.21476,0,0.12276,0.07493,0.03276,0.17941,0,0.35646,0,0.82956,0.81276,0.73378,0.70276,0.53061,0.48476,0.47837,0.38076,0.32163,0.36476,0.36227,0.19476,0.18232,0.18876,0.49578,0.12876],"triangles":[33,25,0,33,0,1,2,33,1,32,24,25,31,32,25,23,24,32,22,23,32,33,31,25,21,22,32,20,21,32,3,33,2,19,20,32,30,32,31,19,32,30,3,29,31,3,31,33,29,3,4,30,31,29,18,19,30,28,29,4,17,18,30,5,28,4,29,16,17,16,28,15,30,29,17,28,16,29,27,28,5,27,5,6,15,28,27,13,14,15,26,27,6,26,6,7,27,13,15,13,27,26,12,13,26,26,7,8,9,26,8,11,12,26,10,11,26,9,10,26],"vertices":[1,4,-18.09,19.76,1,1,4,-6.54,26.91,1,1,4,4.21,23.03,1,1,4,13.3,19.46,1,1,4,21.88,18.83,1,1,4,37.84,19.97,1,1,4,64.71,21.45,1,1,4,79.63,24.71,1,1,4,84.5,26.51,1,1,4,100.74,21.03,1,1,4,105.24,13.05,1,1,4,97.7,-9.28,1,1,4,87.3,-16.57,1,1,4,73.15,-16.06,1,1,4,66.27,-23.79,1,1,4,51.97,-24.49,1,1,4,36.85,-23.9,1,1,4,28.65,-21.39,1,1,4,17.13,-23.53,1,1,4,6.37,-23.41,1,1,4,-2.83,-26.84,1,1,4,-7.56,-28.96,1,1,4,-17.94,-25.46,1,1,4,-26.12,-16.22,1,1,4,-27.07,-6.85,1,1,4,-22.43,6.9,1,1,4,81.61,12.73,1,1,4,66.7,9.48,1,1,4,36.79,1.99,1,1,4,23.7,1.88,1,1,4,17.78,-9.68,1,1,4,-0.32,-0.06,1,1,4,-5.71,-13.81,1,1,4,-4.26,12.83,1],"hull":26,"edges":[0,2,2,4,4,6,6,8,8,10,10,12,12,14,14,16,16,18,18,20,20,22,22,24,24,26,26,28,28,30,30,32,32,34,34,36,36,38,38,40,40,42,42,44,44,46,46,48,48,50,0,50],"width":82,"height":119}},"cut-girl_0024_z":{"cut-girl_0024_z":{"type":"mesh","uvs":[0.75231,0,0.93485,0.02347,1,0.07162,1,0.2,1,0.43003,0.99405,0.61458,0.99405,0.82053,1,1,0.79671,1,0.50565,1,0.41685,0.93554,0.27871,0.68947,0.14058,0.43805,0.03698,0.2321,0,0.17593,0,0.0315,0.05178,0,0.46125,0.10371,0.59938,0.36048,0.64871,0.62528,0.70298,0.86065],"triangles":[17,16,0,14,15,16,14,16,17,0,1,2,13,14,17,17,3,18,0,3,17,0,2,3,13,17,18,18,3,4,12,13,18,4,19,18,5,19,4,12,18,19,11,12,19,19,5,6,20,19,6,11,19,20,10,11,20,9,10,20,8,20,6,9,20,8,8,6,7],"vertices":[1,6,124.37,5.61,1,1,6,126.96,13.65,1,1,6,131.17,16.26,1,1,6,141.8,15.42,1,1,6,160.83,13.92,1,1,6,176.08,12.45,1,1,6,193.12,11.11,1,1,6,207.99,10.21,1,1,6,207.27,1.09,1,1,6,206.25,-11.97,1,1,6,200.6,-15.53,1,1,6,179.75,-20.12,1,1,6,158.46,-24.68,1,1,6,141.05,-27.99,1,1,6,136.27,-29.28,1,1,6,124.32,-28.34,1,1,6,121.9,-25.81,1,1,6,131.93,-8.12,1,1,6,153.66,-3.6,1,1,6,175.75,-3.11,1,1,6,195.41,-2.21,1],"hull":17,"edges":[0,2,2,4,4,6,6,8,8,10,10,12,12,14,14,16,16,18,18,20,20,22,22,24,24,26,26,28,28,30,30,32,0,32],"width":45,"height":83}},"cut-girl_0025_Layer-40":{"cut-girl_0025_Layer-40":{"type":"mesh","uvs":[0.72662,0,0.93377,0.04124,0.9558,0.09524,0.89851,0.19524,0.92054,0.28324,0.93817,0.33924,0.91173,0.38524,0.94699,0.48124,0.94699,0.58324,1,0.67324,1,0.80524,1,0.90524,0.88088,1,0.63847,1,0.39166,1,0.23299,0.90324,0.1801,0.77324,0.23299,0.60924,0.19332,0.49524,0.1801,0.36524,0.18451,0.29124,0.08314,0.19724,0,0.14324,0,0.07724,0.1184,0.03724,0.25943,0,0.27266,0.15381,0.52829,0.17181,0.73984,0.13981,0.54592,0.30781,0.58558,0.51181,0.60762,0.74781],"triangles":[28,0,1,28,1,2,26,22,23,27,26,25,0,27,25,24,25,26,26,23,24,28,27,0,3,28,2,21,22,26,20,21,26,29,27,28,29,28,3,29,3,4,29,4,5,6,29,5,19,20,29,27,20,26,29,20,27,30,18,19,30,29,6,30,6,7,30,19,29,30,7,8,17,18,30,31,30,8,31,8,9,17,30,31,16,17,31,31,9,10,15,16,31,31,10,11,13,14,15,31,13,15,11,13,31,12,13,11],"vertices":[1,7,-26.8,9.65,1,1,7,-21.53,20.66,1,1,7,-15.07,21.64,1,1,7,-3.28,18.16,1,1,7,7.23,19,1,1,7,13.92,19.73,1,1,7,19.34,18.13,1,1,7,30.83,19.65,1,1,7,42.96,19.25,1,1,7,53.76,21.76,1,1,7,69.45,21.24,1,1,7,81.35,20.85,1,1,7,92.41,14.05,1,1,7,91.98,0.97,1,1,7,91.54,-12.35,1,1,7,79.75,-20.54,1,1,7,64.19,-22.88,1,1,7,44.78,-19.38,1,1,7,31.15,-21.08,1,1,7,15.66,-21.28,1,1,7,6.87,-20.75,1,1,7,-4.49,-25.86,1,1,7,-11.06,-30.13,1,1,7,-18.91,-29.87,1,1,7,-23.46,-23.33,1,1,7,-27.63,-15.57,1,1,7,-9.32,-15.46,1,1,7,-6.72,-1.73,1,1,7,-10.15,9.81,1,1,7,9.49,-1.31,1,1,7,33.82,0.03,1,1,7,61.93,0.29,1],"hull":26,"edges":[0,2,2,4,4,6,6,8,8,10,10,12,12,14,14,16,16,18,18,20,20,22,22,24,24,26,26,28,28,30,30,32,32,34,34,36,36,38,38,40,40,42,42,44,44,46,46,48,48,50,0,50],"width":54,"height":119}},"cut-girl_0000_a":{"cut-girl_0000_a":{"type":"mesh","uvs":[0.4637,1,0.55379,0.97904,0.63262,0.9379,0.71596,0.94965,0.78128,0.92908,0.81056,0.8174,0.82858,0.66751,0.83083,0.52937,0.86461,0.69102,0.85786,0.84091,0.88263,0.92614,0.9457,0.94377,0.9975,0.93202,1,0.76449,1,0.53231,0.9502,0.31776,0.87362,0.15024,0.74299,0.03855,0.64839,0,0.48397,0,0.31054,0.03855,0.18891,0.11791,0.08531,0.23253,0,0.3883,0,0.66457,0,0.82033,0.06954,1,0.27675,1,0.18216,0.92908,0.17765,0.78506,0.19342,0.54406,0.36009,0.79388,0.4164,0.59991,0.44117,0.40593,0.5583,0.83209,0.60559,0.65869,0.63262,0.3736,0.72947,0.69102,0.74749,0.39711],"triangles":[32,31,30,29,24,30,24,23,30,32,33,35,32,30,33,23,22,30,22,21,30,30,21,33,21,20,33,33,20,19,26,28,27,0,27,31,27,28,31,26,25,28,25,29,28,28,29,31,25,24,29,31,29,30,4,3,5,37,5,3,37,34,35,37,3,2,5,37,6,6,37,7,13,12,11,9,13,11,9,11,10,9,8,13,8,14,13,8,7,14,38,7,37,37,35,38,35,36,38,35,33,36,7,15,14,7,38,15,33,19,36,15,38,16,16,38,17,38,36,17,36,18,17,36,19,18,34,1,0,1,34,2,34,0,31,2,34,37,31,32,34,34,32,35],"vertices":[4,11,67.89,10.41,0.73177,44,37.84,-22.72,2.4E-4,42,18.53,23.12,0.26788,41,30.56,25.56,1.1E-4,2,11,69.93,0.84,0.99222,42,15.58,32.45,0.00778,3,11,73.59,-7.48,0.70126,44,30.14,-5.59,0.29863,42,11.14,40.38,1.1E-4,3,11,72.93,-16.42,0.22203,44,29.78,3.37,0.77794,42,10.94,49.35,3.0E-5,3,11,74.85,-23.35,0.07396,44,27.08,10.03,0.92602,42,8.37,56.06,2.0E-5,3,11,84.11,-26.17,0.00165,44,17.56,11.78,0.99835,42,-1.12,57.98,1.0E-5,3,43,17.69,11.72,0.09733,44,5.12,11.88,0.90267,42,-13.56,58.31,0,2,43,6.4,10.7,0.93644,44,-6.12,10.45,0.06356,1,43,19.18,15.76,1,1,43,31.47,16.4,1,1,43,38.13,19.81,1,1,43,38.82,26.67,1,1,43,37.25,32.08,1,1,43,23.57,30.82,1,1,43,4.65,28.72,1,2,43,-12.25,21.48,0.99973,41,-37.43,60.44,2.7E-4,2,43,-25,11.82,0.96823,41,-48.42,48.82,0.03177,3,43,-32.56,-3.08,0.85742,42,-63.51,42.55,0,41,-53.44,32.88,0.14258,3,43,-34.58,-13.49,0.76166,42,-65.34,32.11,0,41,-53.73,22.28,0.23834,3,43,-32.64,-30.98,0.54929,42,-63.06,14.66,0,41,-48.94,5.35,0.45071,3,43,-27.45,-49.07,0.31028,42,-57.53,-3.33,0,41,-40.85,-11.65,0.68972,3,43,-19.54,-61.29,0.1602,42,-49.39,-15.39,0,41,-31.05,-22.4,0.8398,3,43,-8.98,-71.27,0.05364,42,-38.64,-25.17,0.00353,41,-18.99,-30.51,0.94284,3,43,4.72,-78.93,0.00447,42,-24.79,-32.57,0.05604,41,-4.22,-35.82,0.93949,2,42,-2.33,-29.64,0.44512,41,17.58,-29.66,0.55488,2,42,10.34,-27.99,0.77244,41,29.87,-26.19,0.22756,2,42,23.98,-18.7,0.98204,41,42.03,-15.02,0.01796,3,11,67.21,30.41,0.05544,44,40.78,-42.51,1.0E-5,42,21.12,3.28,0.94455,2,42,16.66,-7.51,0.99722,41,33.15,-5.01,0.00278,2,42,5.01,-9.51,0.82521,41,21.92,-8.68,0.17479,3,43,15.13,-56.95,4.7E-4,42,-14.8,-10.4,0.05655,41,2.45,-12.43,0.94298,4,11,84.4,22.07,0.2256,43,33.52,-36.96,0.01182,42,3.2,9.94,0.53195,41,17.31,10.3,0.23063,5,11,100.5,16.58,0.14573,43,17.05,-32.73,0.15909,44,6.13,-32.56,0.00106,42,-13.35,13.86,0.01299,41,0.36,11.77,0.68113,4,11,116.49,14.47,0.0292,43,0.95,-31.85,0.36975,42,-29.46,14.43,0,41,-15.66,10,0.60105,5,11,81.99,0.76,0.9503,43,34.3,-15.54,0.01444,44,22.73,-14.74,0.01126,42,3.57,31.37,0.00732,41,14.56,31.56,0.01667,5,11,96.37,-3.81,0.24408,43,19.6,-12.08,0.35879,44,7.92,-11.83,0.28486,42,-11.19,34.55,6.0E-4,41,-0.5,32.56,0.11167,4,11,119.83,-5.91,0.01246,43,-3.95,-11.78,0.81914,42,-34.74,34.4,0,41,-23.79,28.99,0.1684,2,44,8.59,1.67,1,42,-10.27,48.04,0,2,43,-3.39,0.64,0.9908,41,-25.27,41.34,0.0092],"hull":28,"edges":[0,2,2,4,4,6,6,8,8,10,10,12,12,14,14,16,16,18,18,20,20,22,22,24,24,26,26,28,28,30,30,32,32,34,34,36,36,38,38,40,40,42,42,44,44,46,46,48,48,50,50,52,52,54,0,54],"width":107,"height":82}}}}],"animations":{"animation":{"bones":{"root":{"rotate":[{"curve":"stepped"},{"time":1.3333}],"translate":[{"curve":"stepped"},{"time":1.3333}],"scale":[{"curve":"stepped"},{"time":1.3333}]},"bone":{"rotate":[{"curve":"stepped"},{"time":1.3333}],"translate":[{},{"time":0.6667,"y":-33.35},{"time":1.3333}],"scale":[{"curve":"stepped"},{"time":1.3333}]},"bone2":{"rotate":[{"curve":"stepped"},{"time":1.3333}],"translate":[{},{"time":0.6667,"y":8.74},{"time":1.3333}],"scale":[{"curve":"stepped"},{"time":1.3333}]},"bone3":{"rotate":[{"curve":"stepped"},{"time":1.3333}],"translate":[{},{"time":0.6667,"x":-15.64,"y":5.13},{"time":1.3333}],"scale":[{"curve":"stepped"},{"time":1.3333}]},"bone4":{"rotate":[{"curve":"stepped"},{"time":1.3333}],"translate":[{},{"time":0.6667,"x":-7.45,"y":2.21},{"time":1.3333}],"scale":[{"curve":"stepped"},{"time":1.3333}]},"bone5":{"rotate":[{"curve":"stepped"},{"time":1.3333}],"translate":[{},{"time":0.6667,"y":7.49},{"time":1.3333}],"scale":[{"curve":"stepped"},{"time":1.3333}]},"bone6":{"rotate":[{"curve":"stepped"},{"time":1.3333}],"translate":[{},{"time":0.6667,"x":-14.92,"y":1.25},{"time":1.3333}],"scale":[{"curve":"stepped"},{"time":1.3333}]},"bone7":{"rotate":[{"curve":"stepped"},{"time":1.3333}],"translate":[{},{"time":0.6667,"x":-11.82,"y":0.93},{"time":1.3333}],"scale":[{"curve":"stepped"},{"time":1.3333}]},"bone8":{"rotate":[{},{"time":0.5,"angle":2.28},{"time":1,"angle":-1.86,"curve":0.613,"c3":0.75},{"time":1.3333}],"translate":[{"curve":"stepped"},{"time":1.3333}],"scale":[{"curve":"stepped"},{"time":1.3333}]},"bone9":{"rotate":[{},{"time":0.5,"angle":2.28},{"time":1,"angle":-1.86,"curve":0.613,"c3":0.75},{"time":1.3333}],"translate":[{"curve":"stepped"},{"time":1.3333}],"scale":[{"curve":"stepped"},{"time":1.3333}]},"bone10":{"rotate":[{},{"time":0.5,"angle":2.28},{"time":1,"angle":-1.86,"curve":0.613,"c3":0.75},{"time":1.3333}],"translate":[{"curve":"stepped"},{"time":1.3333}],"scale":[{"curve":"stepped"},{"time":1.3333}]},"bone11":{"rotate":[{"curve":"stepped"},{"time":1.3333}],"translate":[{"curve":"stepped"},{"time":1.3333}],"scale":[{"curve":"stepped"},{"time":1.3333}]},"bone12":{"rotate":[{"curve":"stepped"},{"time":1.3333}],"translate":[{"curve":"stepped"},{"time":1.3333}],"scale":[{"curve":"stepped"},{"time":1.3333}]},"bone13":{"rotate":[{"curve":"stepped"},{"time":1.3333}],"translate":[{"curve":"stepped"},{"time":1.3333}],"scale":[{"curve":"stepped"},{"time":1.3333}]},"bone14":{"rotate":[{"curve":"stepped"},{"time":1.3333}],"translate":[{"curve":"stepped"},{"time":1.3333}],"scale":[{"curve":"stepped"},{"time":1.3333}]},"bone15":{"rotate":[{},{"time":0.3333,"angle":-11.62},{"time":1,"angle":11.31,"curve":0.613,"c3":0.75},{"time":1.3333}],"translate":[{},{"time":0.3333,"x":4.19,"y":-4.29},{"time":1,"x":-2.2,"y":2.98,"curve":0.613,"c3":0.75},{"time":1.3333}],"scale":[{"curve":"stepped"},{"time":1.3333}]},"bone16":{"rotate":[{},{"time":0.3333,"angle":-11.62},{"time":1,"angle":11.31,"curve":0.613,"c3":0.75},{"time":1.3333}],"translate":[{"curve":"stepped"},{"time":1.3333}],"scale":[{"curve":"stepped"},{"time":1.3333}]},"bone17":{"rotate":[{},{"time":0.3333,"angle":-11.62},{"time":1,"angle":11.31,"curve":0.613,"c3":0.75},{"time":1.3333}],"translate":[{"curve":"stepped"},{"time":1.3333}],"scale":[{"curve":"stepped"},{"time":1.3333}]},"bone18":{"rotate":[{"curve":"stepped"},{"time":1.3333}],"translate":[{"curve":"stepped"},{"time":1.3333}],"scale":[{"curve":"stepped"},{"time":1.3333}]},"bone19":{"rotate":[{"curve":"stepped"},{"time":1.3333}],"translate":[{"curve":"stepped"},{"time":1.3333}],"scale":[{"curve":"stepped"},{"time":1.3333}]},"bone20":{"rotate":[{"curve":"stepped"},{"time":1.3333}],"translate":[{"curve":"stepped"},{"time":1.3333}],"scale":[{"curve":"stepped"},{"time":1.3333}]},"bone21":{"rotate":[{},{"time":0.3333,"angle":-6.77},{"time":1,"angle":6.21,"curve":0.613,"c3":0.75},{"time":1.3333}],"translate":[{"curve":"stepped"},{"time":1.3333}],"scale":[{"curve":"stepped"},{"time":1.3333}]},"bone22":{"rotate":[{},{"time":0.3333,"angle":-6.77},{"time":1,"angle":6.21,"curve":0.613,"c3":0.75},{"time":1.3333}],"translate":[{"curve":"stepped"},{"time":1.3333}],"scale":[{"curve":"stepped"},{"time":1.3333}]},"bone23":{"rotate":[{},{"time":0.3333,"angle":-6.77},{"time":1,"angle":6.21,"curve":0.613,"c3":0.75},{"time":1.3333}],"translate":[{},{"time":0.3333,"x":5.88,"y":1.46},{"time":1.3333}],"scale":[{"curve":"stepped"},{"time":1.3333}]},"bone24":{"rotate":[{"curve":"stepped"},{"time":1.3333}],"translate":[{"curve":"stepped"},{"time":1.3333}],"scale":[{"curve":"stepped"},{"time":1.3333}]},"bone25":{"rotate":[{},{"time":0.3333,"angle":-7.8},{"time":0.8333,"angle":7.1},{"time":1.3333}],"translate":[{"curve":"stepped"},{"time":1.3333}],"scale":[{"curve":"stepped"},{"time":1.3333}]},"bone26":{"rotate":[{},{"time":0.3333,"angle":-7.8},{"time":0.8333,"angle":7.1},{"time":1.3333}],"translate":[{"curve":"stepped"},{"time":1.3333}],"scale":[{"curve":"stepped"},{"time":1.3333}]},"bone27":{"rotate":[{"curve":"stepped"},{"time":1.3333}],"translate":[{"curve":"stepped"},{"time":1.3333}],"scale":[{"curve":"stepped"},{"time":1.3333}]},"bone28":{"rotate":[{},{"time":0.3333,"angle":-6.97},{"time":0.8333,"angle":4.15},{"time":1.3333}],"translate":[{"curve":"stepped"},{"time":1.3333}],"scale":[{"curve":"stepped"},{"time":1.3333}]},"bone29":{"rotate":[{},{"time":0.3333,"angle":-6.97},{"time":0.8333,"angle":4.15},{"time":1.3333}],"translate":[{"curve":"stepped"},{"time":1.3333}],"scale":[{"curve":"stepped"},{"time":1.3333}]},"bone30":{"rotate":[{"curve":"stepped"},{"time":1.3333}],"translate":[{"curve":"stepped"},{"time":1.3333}],"scale":[{"curve":"stepped"},{"time":1.3333}]},"bone31":{"rotate":[{"curve":"stepped"},{"time":1.3333}],"translate":[{"curve":"stepped"},{"time":1.3333}],"scale":[{"curve":"stepped"},{"time":1.3333}]},"bone32":{"rotate":[{"angle":5.85,"curve":"stepped"},{"time":1.3333,"angle":5.85}],"translate":[{"curve":"stepped"},{"time":1.3333}],"scale":[{"curve":"stepped"},{"time":1.3333}]},"bone33":{"rotate":[{"angle":5.85},{"time":0.5,"angle":2.58},{"time":0.8333,"angle":11.97},{"time":1.3333,"angle":5.85}],"translate":[{},{"time":0.5,"x":9.12,"y":-2.08},{"time":0.8333,"x":-1.55,"y":1.02},{"time":1.3333}],"scale":[{"curve":"stepped"},{"time":1.3333}]},"bone34":{"rotate":[{"angle":5.85},{"time":0.5,"angle":2.58},{"time":0.8333,"angle":11.97},{"time":1.3333,"angle":5.85}],"translate":[{"curve":"stepped"},{"time":1.3333}],"scale":[{"curve":"stepped"},{"time":1.3333}]},"bone35":{"rotate":[{},{"time":0.8333,"angle":13.22},{"time":1.3333}],"translate":[{"curve":"stepped"},{"time":1.3333}],"scale":[{"curve":"stepped"},{"time":1.3333}]},"bone36":{"rotate":[{},{"time":0.3333,"angle":-15.38},{"time":0.8333,"angle":5.53},{"time":1.3333}],"translate":[{"curve":"stepped"},{"time":1.3333}],"scale":[{"curve":"stepped"},{"time":1.3333}]},"bone37":{"rotate":[{},{"time":0.3333,"angle":-15.38},{"time":0.8333,"angle":5.53},{"time":1.3333}],"translate":[{"curve":"stepped"},{"time":1.3333}],"scale":[{"curve":"stepped"},{"time":1.3333}]},"bone38":{"rotate":[{"curve":"stepped"},{"time":1.3333}],"translate":[{"curve":"stepped"},{"time":1.3333}],"scale":[{"curve":"stepped"},{"time":1.3333}]},"bone39":{"rotate":[{},{"time":0.3333,"angle":-19.08},{"time":0.8333,"angle":17.44},{"time":1.3333}],"translate":[{"curve":"stepped"},{"time":1.3333}],"scale":[{"curve":"stepped"},{"time":1.3333}]},"bone40":{"rotate":[{},{"time":0.3333,"angle":-19.08},{"time":0.8333,"angle":17.44},{"time":1.3333}],"translate":[{"curve":"stepped"},{"time":1.3333}],"scale":[{"curve":"stepped"},{"time":1.3333}]},"bone41":{"rotate":[{},{"time":0.5,"angle":-9.15},{"time":1,"angle":12.61,"curve":0.613,"c3":0.75},{"time":1.3333}],"translate":[{"curve":"stepped"},{"time":1.3333}],"scale":[{"curve":"stepped"},{"time":1.3333}]},"bone42":{"rotate":[{},{"time":0.5,"angle":-9.15},{"time":1,"angle":12.61,"curve":0.613,"c3":0.75},{"time":1.3333}],"translate":[{},{"time":1,"x":2.74,"y":0.42,"curve":0.613,"c3":0.75},{"time":1.3333}],"scale":[{"curve":"stepped"},{"time":1.3333}]},"bone43":{"rotate":[{},{"time":1,"angle":11.9,"curve":0.613,"c3":0.75},{"time":1.3333}],"translate":[{"curve":"stepped"},{"time":1.3333}],"scale":[{"curve":"stepped"},{"time":1.3333}]},"bone44":{"rotate":[{},{"time":1,"angle":11.9,"curve":0.613,"c3":0.75},{"time":1.3333}],"translate":[{"curve":"stepped"},{"time":1.3333}],"scale":[{"curve":"stepped"},{"time":1.3333}]},"bone45":{"rotate":[{"curve":"stepped"},{"time":1.3333}],"translate":[{"curve":"stepped"},{"time":1.3333}],"scale":[{"curve":"stepped"},{"time":1.3333}]},"bone46":{"rotate":[{},{"time":0.3333,"angle":-28.61},{"time":1,"angle":21.2,"curve":0.613,"c3":0.75},{"time":1.3333}],"translate":[{"curve":"stepped"},{"time":1.3333}],"scale":[{"curve":"stepped"},{"time":1.3333}]},"bone47":{"rotate":[{},{"time":0.3333,"angle":-28.61},{"time":1,"angle":21.2,"curve":0.613,"c3":0.75},{"time":1.3333}],"translate":[{"curve":"stepped"},{"time":1.3333}],"scale":[{"curve":"stepped"},{"time":1.3333}]},"bone48":{"rotate":[{},{"time":0.3333,"angle":-28.61},{"time":1,"angle":21.2,"curve":0.613,"c3":0.75},{"time":1.3333}],"translate":[{"curve":"stepped"},{"time":1.3333}],"scale":[{"curve":"stepped"},{"time":1.3333}]}},"deform":{"default":{"cut-girl_0001_b":{"cut-girl_0001_b":[{"curve":"stepped"},{"time":1.3333}]},"cut-girl_0002_c":{"cut-girl_0002_c":[{"curve":"stepped"},{"time":1.3333}]},"cut-girl_0003_d":{"cut-girl_0003_d":[{"curve":"stepped"},{"time":1.3333}]},"cut-girl_0004_e":{"cut-girl_0004_e":[{"curve":"stepped"},{"time":1.3333}]},"cut-girl_0005_f":{"cut-girl_0005_f":[{"curve":"stepped"},{"time":1.3333}]},"cut-girl_0006_g":{"cut-girl_0006_g":[{"curve":"stepped"},{"time":1.3333}]},"cut-girl_0007_h":{"cut-girl_0007_h":[{"curve":"stepped"},{"time":1.3333}]},"cut-girl_0008_i":{"cut-girl_0008_i":[{"curve":"stepped"},{"time":1.3333}]},"cut-girl_0009_j":{"cut-girl_0009_j":[{"curve":"stepped"},{"time":1.3333}]},"cut-girl_0010_k":{"cut-girl_0010_k":[{"curve":"stepped"},{"time":1.3333}]},"cut-girl_0011_l":{"cut-girl_0011_l":[{"curve":"stepped"},{"time":1.3333}]},"cut-girl_0012_m":{"cut-girl_0012_m":[{"curve":"stepped"},{"time":1.3333}]},"cut-girl_0013_n":{"cut-girl_0013_n":[{"curve":"stepped"},{"time":1.3333}]},"cut-girl_0014_o":{"cut-girl_0014_o":[{},{"time":0.6667,"offset":196,"vertices":[6.56264,-3.04608,0.89496,7.17981,1.47656,7.08307,2.70163,6.7119,6.56264,-3.04608,0.89496,7.17981,1.47656,7.08307,2.70163,6.7119]},{"time":1.3333}]},"cut-girl_0015_p":{"cut-girl_0015_p":[{},{"time":0.6667,"offset":150,"vertices":[-3.63153,-1.6651,-0.08179,3.9942,-0.06058,3.99458,2.35995,3.22342,-3.63153,-1.6651,-0.08179,3.9942,-0.06058,3.99458]},{"time":1.3333}]},"cut-girl_0016_q":{"cut-girl_0016_q":[{},{"time":0.6667,"offset":212,"vertices":[-0.20178,-5.75485,-1.02112,-5.66708,-1.67761,-5.50856,-0.20178,-5.75485,-0.69141,-5.71674,-1.02112,-5.66708,-1.67761,-5.50856,-0.20178,-5.75485,-0.69141,-5.71674,-1.02112,-5.66708,-0.20178,-5.75485,-0.20184,-5.75485,-0.69141,-5.71674]},{"time":1.3333}]},"cut-girl_0017_r":{"cut-girl_0017_r":[{"curve":"stepped"},{"time":1.3333}]},"cut-girl_0018_s":{"cut-girl_0018_s":[{},{"time":0.3333,"offset":18,"vertices":[-1.46298,-1.07719,1.46411,1.07762,0,0,0,0,0,0,0,0,0,0,0,0,0,0,0,0,0,0,0,0,6.34935,0.63523,5.70349,0.3511]},{"time":0.6667,"offset":18,"vertices":[1.0369,0.41278,-1.0358,-0.41266,0,0,0,0,0,0,0,0,0,0,0,0,0,0,0,0,0,0,0,0,12.6987,1.27045,11.40698,0.70221]},{"time":1,"offset":18,"vertices":[-0.32924,-0.2159,0.33104,0.21585,0,0,0,0,0,0,0,0,0,0,0,0,0,0,0,0,0,0,0,0,6.34935,0.63523,5.70349,0.3511],"curve":0.613,"c3":0.75},{"time":1.3333}]},"cut-girl_0019_t":{"cut-girl_0019_t":[{"curve":"stepped"},{"time":1.3333}]},"cut-girl_0020_u":{"cut-girl_0020_u":[{"curve":"stepped"},{"time":1.3333}]},"cut-girl_0021_v":{"cut-girl_0021_v":[{},{"time":0.6667,"offset":146,"vertices":[0.56442,7.1688,0.59958,7.16595,2.24039,6.83325,0.59958,7.16595,2.24039,6.83325,1.90738,6.93346,1.979,8.60064,2.92569,-8.3261,1.979,8.60064,1.56084,8.68613]},{"time":1.3333}]},"cut-girl_0022_x":{"cut-girl_0022_x":[{},{"time":0.6667,"vertices":[-7.24881,1.99414,-5.51042,1.51591,-5.51042,1.51591,0,0,0,0,0,0,0,0,0,0,0,0,0,0,-5.51042,1.51591,-5.51042,1.51591,-7.24881,1.99414,-7.24881,1.99414,0,0,-5.51042,1.51591,-7.24881,1.99414]},{"time":1.3333}]},"cut-girl_0023_y":{"cut-girl_0023_y":[{"curve":"stepped"},{"time":1.3333}]},"cut-girl_0024_z":{"cut-girl_0024_z":[{},{"time":0.6667,"offset":8,"vertices":[-4.0464,0.31865,-9.56427,0.75315,-9.56427,0.75315,-9.56427,0.75315,-9.56427,0.75315,-9.56427,0.75315,-9.56427,0.75315,-9.56427,0.75315,-4.72417,1.11232,0,0,0,0,0,0,0,0,0,0,0,0,-9.56427,0.75315,-9.56427,0.75315]},{"time":1.3333}]},"cut-girl_0025_Layer-40":{"cut-girl_0025_Layer-40":[{"curve":"stepped"},{"time":1.3333}]},"cut-girl_0000_a":{"cut-girl_0000_a":[{"curve":"stepped"},{"time":1.3333}]}}}}}}